,loan_type,property_type,loan_purpose,occupancy,loan_amount,preapproval,msa_md,state_code,county_code,applicant_ethnicity,applicant_race,applicant_sex,applicant_income,population,minority_population_pct,ffiecmedian_family_income,tract_to_msa_md_income_pct,number_of_owner-occupied_units,number_of_1_to_4_family_units,lender,accepted,log_loan_amount,lender_classification
count,500000.0,500000.0,500000.0,500000.0,500000.0,500000.0,500000.0,500000.0,500000.0,500000.0,500000.0,500000.0,460052.0,477535.0,477534.0,477560.0,477486.0,477435.0,477470.0,500000.0,500000.0,500000.0,500000.0
mean,1.366276,1.04765,2.06681,1.10959,221.753158,2.764722,181.606972,23.726924,144.542062,2.036228,4.786586,1.462374,102.38952118456174,5416.833955626289,31.617310254347984,69235.6032980149,91.83262394708755,1427.7182820698106,1886.1470647370516,3720.121344,0.500228,4.9436165021357565,0.5002279999996697
std,0.690555461610224,0.2314035103333771,0.9483713527487291,0.3260923865610955,590.6416481879309,0.5430606343154287,138.46416887277957,15.98276785777047,100.24361222720034,0.5113512051173905,1.0249266147157723,0.6776851795915635,153.53449556381574,2728.144998711133,26.333938071052426,14810.058790778301,14.210924286629812,737.5595113794163,914.1237443849392,1838.3131747938119,0.5000004480176272,1.0535393196688498,0.22263458617942947
min,1.0,1.0,1.0,1.0,1.0,1.0,-1.0,-1.0,-1.0,1.0,1.0,1.0,1.0,14.0,0.534,17858.0,3.9810000000000003,4.0,1.0,0.0,0.0,0.0,0.0
25%,1.0,1.0,1.0,1.0,93.0,3.0,25.0,6.0,57.0,2.0,5.0,1.0,47.0,3744.0,10.7,59731.0,88.06725,944.0,1301.0,2442.0,0.0,4.532599493153256,0.36958917047064377
50%,1.0,1.0,2.0,1.0,162.0,3.0,192.0,26.0,131.0,2.0,5.0,1.0,74.0,4975.0,22.901,67526.0,100.0,1327.0,1753.0,3731.0,1.0,5.087596335232384,0.4896318407960199
75%,2.0,1.0,3.0,1.0,266.0,3.0,314.0,37.0,246.0,2.0,5.0,2.0,117.0,6467.0,46.02,75351.0,100.0,1780.0,2309.0,5436.0,1.0,5.583496308781699,0.6666666666666666
max,4.0,3.0,3.0,3.0,100878.0,3.0,408.0,52.0,324.0,4.0,7.0,4.0,10139.0,37097.0,100.0,125248.0,100.0,8771.0,13623.0,6508.0,1.0,11.521667144906983,1.0
